[
  {
    "featureType": "all",
    "elementType": "geometry",
    "stylers": [
      {
        "color": "#f5f5f5"
      }
    ]
  },
  {
    "featureType": "all",
    "elementType": "labels.icon",
    "stylers": [
      {
        "saturation": -100
      }
    ]
  },
  {
    "featureType": "all",
    "elementType": "labels.text",
    "stylers": [
      {
        "saturation": -100
      }
    ]
  },
  {
    "featureType": "poi",
    "elementType": "geometry",
    "stylers": [
      {
        "color": "#eeeeee"
      }
    ]
  },
  {
    "featureType": "poi.park",
    "elementType": "geometry",
    "stylers": [
      {
        "color": "#e5e5e5"
      }
    ]
  },
  {
    "featureType": "road",
    "elementType": "geometry",
    "stylers": [
      {
        "color": "#ffffff"
      }
    ]
  },
  {
    "featureType": "road.highway",
    "elementType": "geometry",
    "stylers": [
      {
        "color": "#dadada"
      }
    ]
  },
  {
    "featureType": "road.highway",
    "elementType": "labels.icon",
    "stylers": [
      {
        "lightness": 30
      }
    ]
  },
  {
    "featureType": "transit.line",
    "elementType": "geometry",
    "stylers": [
      {
        "color": "#e5e5e5"
      }
    ]
  },
  {
    "featureType": "transit.station",
    "elementType": "geometry",
    "stylers": [
      {
        "color": "#eeeeee"
      }
    ]
  },
  {
    "featureType": "water",
    "elementType": "geometry",
    "stylers": [
      {
        "color": "#c9c9c9"
      }
    ]
  }
]
